country,continent,year,le_gdp
Afghanistan,Asia,1952,28.801::779.4453145
Afghanistan,Asia,1957,30.332::820.8530296
Afghanistan,Asia,1962,31.997::853.10071
Afghanistan,Asia,1967,34.02::836.1971382
Afghanistan,Asia,1972,36.088::739.9811058
Afghanistan,Asia,1977,38.438::786.11336
Afghanistan,Asia,1982,39.854::978.0114388
Afghanistan,Asia,1987,40.822::852.3959448
Afghanistan,Asia,1992,41.674::649.3413952
Afghanistan,Asia,1997,41.763::635.341351
Afghanistan,Asia,2002,42.129::726.7340548
Afghanistan,Asia,2007,43.828::974.5803384
Albania,Europe,1952,55.23::1601.056136
Albania,Europe,1957,59.28::1942.284244
Albania,Europe,1962,64.82::2312.888958
Albania,Europe,1967,66.22::2760.196931
Albania,Europe,1972,67.69::3313.422188
Albania,Europe,1977,68.93::3533.00391
Albania,Europe,1982,70.42::3630.880722
Albania,Europe,1987,72::3738.932735
Albania,Europe,1992,71.581::2497.437901
Albania,Europe,1997,72.95::3193.054604
Albania,Europe,2002,75.651::4604.211737
Albania,Europe,2007,76.423::5937.029526
Algeria,Africa,1952,43.077::2449.008185
Algeria,Africa,1957,45.685::3013.976023
Algeria,Africa,1962,48.303::2550.81688
Algeria,Africa,1967,51.407::3246.991771
Algeria,Africa,1972,54.518::4182.663766
Algeria,Africa,1977,58.014::4910.416756
Algeria,Africa,1982,61.368::5745.160213
Algeria,Africa,1987,65.799::5681.358539
Algeria,Africa,1992,67.744::5023.216647
Algeria,Africa,1997,69.152::4797.295051
Algeria,Africa,2002,70.994::5288.040382
Algeria,Africa,2007,72.301::6223.367465
Angola,Africa,1952,30.015::3520.610273
Angola,Africa,1957,31.999::3827.940465
Angola,Africa,1962,34::4269.276742
Angola,Africa,1967,35.985::5522.776375
Angola,Africa,1972,37.928::5473.288005
Angola,Africa,1977,39.483::3008.647355
Angola,Africa,1982,39.942::2756.953672
Angola,Africa,1987,39.906::2430.208311
Angola,Africa,1992,40.647::2627.845685
Angola,Africa,1997,40.963::2277.140884
Angola,Africa,2002,41.003::2773.287312
Angola,Africa,2007,42.731::4797.231267
Argentina,Americas,1952,62.485::5911.315053
Argentina,Americas,1957,64.399::6856.856212
Argentina,Americas,1962,65.142::7133.166023
Argentina,Americas,1967,65.634::8052.953021
Argentina,Americas,1972,67.065::9443.038526
Argentina,Americas,1977,68.481::10079.02674
Argentina,Americas,1982,69.942::8997.897412
Argentina,Americas,1987,70.774::9139.671389
Argentina,Americas,1992,71.868::9308.41871
Argentina,Americas,1997,73.275::10967.28195
Argentina,Americas,2002,74.34::8797.640716
Argentina,Americas,2007,75.32::12779.37964
Australia,Oceania,1952,69.12::10039.59564
Australia,Oceania,1957,70.33::10949.64959
Australia,Oceania,1962,70.93::12217.22686
Australia,Oceania,1967,71.1::14526.12465
Australia,Oceania,1972,71.93::16788.62948
Australia,Oceania,1977,73.49::18334.19751
Australia,Oceania,1982,74.74::19477.00928
Australia,Oceania,1987,76.32::21888.88903
Australia,Oceania,1992,77.56::23424.76683
Australia,Oceania,1997,78.83::26997.93657
Australia,Oceania,2002,80.37::30687.75473
Australia,Oceania,2007,81.235::34435.36744
Austria,Europe,1952,66.8::6137.076492
Austria,Europe,1957,67.48::8842.59803
Austria,Europe,1962,69.54::10750.72111
Austria,Europe,1967,70.14::12834.6024
Austria,Europe,1972,70.63::16661.6256
Austria,Europe,1977,72.17::19749.4223
Austria,Europe,1982,73.18::21597.08362
Austria,Europe,1987,74.94::23687.82607
Austria,Europe,1992,76.04::27042.01868
Austria,Europe,1997,77.51::29095.92066
Austria,Europe,2002,78.98::32417.60769
Austria,Europe,2007,79.829::36126.4927
Bahrain,Asia,1952,50.939::9867.084765
Bahrain,Asia,1957,53.832::11635.79945
Bahrain,Asia,1962,56.923::12753.27514
Bahrain,Asia,1967,59.923::14804.6727
Bahrain,Asia,1972,63.3::18268.65839
Bahrain,Asia,1977,65.593::19340.10196
Bahrain,Asia,1982,69.052::19211.14731
Bahrain,Asia,1987,70.75::18524.02406
Bahrain,Asia,1992,72.601::19035.57917
Bahrain,Asia,1997,73.925::20292.01679
Bahrain,Asia,2002,74.795::23403.55927
Bahrain,Asia,2007,75.635::29796.04834
Bangladesh,Asia,1952,37.484::684.2441716
Bangladesh,Asia,1957,39.348::661.6374577
Bangladesh,Asia,1962,41.216::686.3415538
Bangladesh,Asia,1967,43.453::721.1860862
Bangladesh,Asia,1972,45.252::630.2336265
Bangladesh,Asia,1977,46.923::659.8772322
Bangladesh,Asia,1982,50.009::676.9818656
Bangladesh,Asia,1987,52.819::751.9794035
Bangladesh,Asia,1992,56.018::837.8101643
Bangladesh,Asia,1997,59.412::972.7700352
Bangladesh,Asia,2002,62.013::1136.39043
Bangladesh,Asia,2007,64.062::1391.253792
Belgium,Europe,1952,68::8343.105127
Belgium,Europe,1957,69.24::9714.960623
Belgium,Europe,1962,70.25::10991.20676
Belgium,Europe,1967,70.94::13149.04119
Belgium,Europe,1972,71.44::16672.14356
Belgium,Europe,1977,72.8::19117.97448
Belgium,Europe,1982,73.93::20979.84589
Belgium,Europe,1987,75.35::22525.56308
Belgium,Europe,1992,76.46::25575.57069
Belgium,Europe,1997,77.53::27561.19663
Belgium,Europe,2002,78.32::30485.88375
Belgium,Europe,2007,79.441::33692.60508
Benin,Africa,1952,38.223::1062.7522
Benin,Africa,1957,40.358::959.6010805
Benin,Africa,1962,42.618::949.4990641
Benin,Africa,1967,44.885::1035.831411
Benin,Africa,1972,47.014::1085.796879
Benin,Africa,1977,49.19::1029.161251
Benin,Africa,1982,50.904::1277.897616
Benin,Africa,1987,52.337::1225.85601
Benin,Africa,1992,53.919::1191.207681
Benin,Africa,1997,54.777::1232.975292
Benin,Africa,2002,54.406::1372.877931
Benin,Africa,2007,56.728::1441.284873
Bolivia,Americas,1952,40.414::2677.326347
Bolivia,Americas,1957,41.89::2127.686326
Bolivia,Americas,1962,43.428::2180.972546
Bolivia,Americas,1967,45.032::2586.886053
Bolivia,Americas,1972,46.714::2980.331339
Bolivia,Americas,1977,50.023::3548.097832
Bolivia,Americas,1982,53.859::3156.510452
Bolivia,Americas,1987,57.251::2753.69149
Bolivia,Americas,1992,59.957::2961.699694
Bolivia,Americas,1997,62.05::3326.143191
Bolivia,Americas,2002,63.883::3413.26269
Bolivia,Americas,2007,65.554::3822.137084
Bosnia and Herzegovina,Europe,1952,53.82::973.5331948
Bosnia and Herzegovina,Europe,1957,58.45::1353.989176
Bosnia and Herzegovina,Europe,1962,61.93::1709.683679
Bosnia and Herzegovina,Europe,1967,64.79::2172.352423
Bosnia and Herzegovina,Europe,1972,67.45::2860.16975
Bosnia and Herzegovina,Europe,1977,69.86::3528.481305
Bosnia and Herzegovina,Europe,1982,70.69::4126.613157
Bosnia and Herzegovina,Europe,1987,71.14::4314.114757
Bosnia and Herzegovina,Europe,1992,72.178::2546.781445
Bosnia and Herzegovina,Europe,1997,73.244::4766.355904
Bosnia and Herzegovina,Europe,2002,74.09::6018.975239
Bosnia and Herzegovina,Europe,2007,74.852::7446.298803
Botswana,Africa,1952,47.622::851.2411407
Botswana,Africa,1957,49.618::918.2325349
Botswana,Africa,1962,51.52::983.6539764
Botswana,Africa,1967,53.298::1214.709294
Botswana,Africa,1972,56.024::2263.611114
Botswana,Africa,1977,59.319::3214.857818
Botswana,Africa,1982,61.484::4551.14215
Botswana,Africa,1987,63.622::6205.88385
Botswana,Africa,1992,62.745::7954.111645
Botswana,Africa,1997,52.556::8647.142313
Botswana,Africa,2002,46.634::11003.60508
Botswana,Africa,2007,50.728::12569.85177
Brazil,Americas,1952,50.917::2108.944355
Brazil,Americas,1957,53.285::2487.365989
Brazil,Americas,1962,55.665::3336.585802
Brazil,Americas,1967,57.632::3429.864357
Brazil,Americas,1972,59.504::4985.711467
Brazil,Americas,1977,61.489::6660.118654
Brazil,Americas,1982,63.336::7030.835878
Brazil,Americas,1987,65.205::7807.095818
Brazil,Americas,1992,67.057::6950.283021
Brazil,Americas,1997,69.388::7957.980824
Brazil,Americas,2002,71.006::8131.212843
Brazil,Americas,2007,72.39::9065.800825
Bulgaria,Europe,1952,59.6::2444.286648
Bulgaria,Europe,1957,66.61::3008.670727
Bulgaria,Europe,1962,69.51::4254.337839
Bulgaria,Europe,1967,70.42::5577.0028
Bulgaria,Europe,1972,70.9::6597.494398
Bulgaria,Europe,1977,70.81::7612.240438
Bulgaria,Europe,1982,71.08::8224.191647
Bulgaria,Europe,1987,71.34::8239.854824
Bulgaria,Europe,1992,71.19::6302.623438
Bulgaria,Europe,1997,70.32::5970.38876
Bulgaria,Europe,2002,72.14::7696.777725
Bulgaria,Europe,2007,73.005::10680.79282
Burkina Faso,Africa,1952,31.975::543.2552413
Burkina Faso,Africa,1957,34.906::617.1834648
Burkina Faso,Africa,1962,37.814::722.5120206
Burkina Faso,Africa,1967,40.697::794.8265597
Burkina Faso,Africa,1972,43.591::854.7359763
Burkina Faso,Africa,1977,46.137::743.3870368
Burkina Faso,Africa,1982,48.122::807.1985855
Burkina Faso,Africa,1987,49.557::912.0631417
Burkina Faso,Africa,1992,50.26::931.7527731
Burkina Faso,Africa,1997,50.324::946.2949618
Burkina Faso,Africa,2002,50.65::1037.645221
Burkina Faso,Africa,2007,52.295::1217.032994
Burundi,Africa,1952,39.031::339.2964587
Burundi,Africa,1957,40.533::379.5646281
Burundi,Africa,1962,42.045::355.2032273
Burundi,Africa,1967,43.548::412.9775136
Burundi,Africa,1972,44.057::464.0995039
Burundi,Africa,1977,45.91::556.1032651
Burundi,Africa,1982,47.471::559.603231
Burundi,Africa,1987,48.211::621.8188189
Burundi,Africa,1992,44.736::631.6998778
Burundi,Africa,1997,45.326::463.1151478
Burundi,Africa,2002,47.36::446.4035126
Burundi,Africa,2007,49.58::430.0706916
Cambodia,Asia,1952,39.417::368.4692856
Cambodia,Asia,1957,41.366::434.0383364
Cambodia,Asia,1962,43.415::496.9136476
Cambodia,Asia,1967,45.415::523.4323142
Cambodia,Asia,1972,40.317::421.6240257
Cambodia,Asia,1977,31.22::524.9721832
Cambodia,Asia,1982,50.957::624.4754784
Cambodia,Asia,1987,53.914::683.8955732
Cambodia,Asia,1992,55.803::682.3031755
Cambodia,Asia,1997,56.534::734.28517
Cambodia,Asia,2002,56.752::896.2260153
Cambodia,Asia,2007,59.723::1713.778686
Cameroon,Africa,1952,38.523::1172.667655
Cameroon,Africa,1957,40.428::1313.048099
Cameroon,Africa,1962,42.643::1399.607441
Cameroon,Africa,1967,44.799::1508.453148
Cameroon,Africa,1972,47.049::1684.146528
Cameroon,Africa,1977,49.355::1783.432873
Cameroon,Africa,1982,52.961::2367.983282
Cameroon,Africa,1987,54.985::2602.664206
Cameroon,Africa,1992,54.314::1793.163278
Cameroon,Africa,1997,52.199::1694.337469
Cameroon,Africa,2002,49.856::1934.011449
Cameroon,Africa,2007,50.43::2042.09524
Canada,Americas,1952,68.75::11367.16112
Canada,Americas,1957,69.96::12489.95006
Canada,Americas,1962,71.3::13462.48555
Canada,Americas,1967,72.13::16076.58803
Canada,Americas,1972,72.88::18970.57086
Canada,Americas,1977,74.21::22090.88306
Canada,Americas,1982,75.76::22898.79214
Canada,Americas,1987,76.86::26626.51503
Canada,Americas,1992,77.95::26342.88426
Canada,Americas,1997,78.61::28954.92589
Canada,Americas,2002,79.77::33328.96507
Canada,Americas,2007,80.653::36319.23501
Central African Republic,Africa,1952,35.463::1071.310713
Central African Republic,Africa,1957,37.464::1190.844328
Central African Republic,Africa,1962,39.475::1193.068753
Central African Republic,Africa,1967,41.478::1136.056615
Central African Republic,Africa,1972,43.457::1070.013275
Central African Republic,Africa,1977,46.775::1109.374338
Central African Republic,Africa,1982,48.295::956.7529907
Central African Republic,Africa,1987,50.485::844.8763504
Central African Republic,Africa,1992,49.396::747.9055252
Central African Republic,Africa,1997,46.066::740.5063317
Central African Republic,Africa,2002,43.308::738.6906068
Central African Republic,Africa,2007,44.741::706.016537
Chad,Africa,1952,38.092::1178.665927
Chad,Africa,1957,39.881::1308.495577
Chad,Africa,1962,41.716::1389.817618
Chad,Africa,1967,43.601::1196.810565
Chad,Africa,1972,45.569::1104.103987
Chad,Africa,1977,47.383::1133.98495
Chad,Africa,1982,49.517::797.9081006
Chad,Africa,1987,51.051::952.386129
Chad,Africa,1992,51.724::1058.0643
Chad,Africa,1997,51.573::1004.961353
Chad,Africa,2002,50.525::1156.18186
Chad,Africa,2007,50.651::1704.063724
Chile,Americas,1952,54.745::3939.978789
Chile,Americas,1957,56.074::4315.622723
Chile,Americas,1962,57.924::4519.094331
Chile,Americas,1967,60.523::5106.654313
Chile,Americas,1972,63.441::5494.024437
Chile,Americas,1977,67.052::4756.763836
Chile,Americas,1982,70.565::5095.665738
Chile,Americas,1987,72.492::5547.063754
Chile,Americas,1992,74.126::7596.125964
Chile,Americas,1997,75.816::10118.05318
Chile,Americas,2002,77.86::10778.78385
Chile,Americas,2007,78.553::13171.63885
China,Asia,1952,44::400.4486107
China,Asia,1957,50.54896::575.9870009
China,Asia,1962,44.50136::487.6740183
China,Asia,1967,58.38112::612.7056934
China,Asia,1972,63.11888::676.9000921
China,Asia,1977,63.96736::741.2374699
China,Asia,1982,65.525::962.4213805
China,Asia,1987,67.274::1378.904018
China,Asia,1992,68.69::1655.784158
China,Asia,1997,70.426::2289.234136
China,Asia,2002,72.028::3119.280896
China,Asia,2007,72.961::4959.114854
Colombia,Americas,1952,50.643::2144.115096
Colombia,Americas,1957,55.118::2323.805581
Colombia,Americas,1962,57.863::2492.351109
Colombia,Americas,1967,59.963::2678.729839
Colombia,Americas,1972,61.623::3264.660041
Colombia,Americas,1977,63.837::3815.80787
Colombia,Americas,1982,66.653::4397.575659
Colombia,Americas,1987,67.768::4903.2191
Colombia,Americas,1992,68.421::5444.648617
Colombia,Americas,1997,70.313::6117.361746
Colombia,Americas,2002,71.682::5755.259962
Colombia,Americas,2007,72.889::7006.580419
Comoros,Africa,1952,40.715::1102.990936
Comoros,Africa,1957,42.46::1211.148548
Comoros,Africa,1962,44.467::1406.648278
Comoros,Africa,1967,46.472::1876.029643
Comoros,Africa,1972,48.944::1937.577675
Comoros,Africa,1977,50.939::1172.603047
Comoros,Africa,1982,52.933::1267.100083
Comoros,Africa,1987,54.926::1315.980812
Comoros,Africa,1992,57.939::1246.90737
Comoros,Africa,1997,60.66::1173.618235
Comoros,Africa,2002,62.974::1075.811558
Comoros,Africa,2007,65.152::986.1478792
"Congo, Dem. Rep.",Africa,1952,39.143::780.5423257
"Congo, Dem. Rep.",Africa,1957,40.652::905.8602303
"Congo, Dem. Rep.",Africa,1962,42.122::896.3146335
"Congo, Dem. Rep.",Africa,1967,44.056::861.5932424
"Congo, Dem. Rep.",Africa,1972,45.989::904.8960685
"Congo, Dem. Rep.",Africa,1977,47.804::795.757282
"Congo, Dem. Rep.",Africa,1982,47.784::673.7478181
"Congo, Dem. Rep.",Africa,1987,47.412::672.774812
"Congo, Dem. Rep.",Africa,1992,45.548::457.7191807
"Congo, Dem. Rep.",Africa,1997,42.587::312.188423
"Congo, Dem. Rep.",Africa,2002,44.966::241.1658765
"Congo, Dem. Rep.",Africa,2007,46.462::277.5518587
"Congo, Rep.",Africa,1952,42.111::2125.621418
"Congo, Rep.",Africa,1957,45.053::2315.056572
"Congo, Rep.",Africa,1962,48.435::2464.783157
"Congo, Rep.",Africa,1967,52.04::2677.939642
"Congo, Rep.",Africa,1972,54.907::3213.152683
"Congo, Rep.",Africa,1977,55.625::3259.178978
"Congo, Rep.",Africa,1982,56.695::4879.507522
"Congo, Rep.",Africa,1987,57.47::4201.194937
"Congo, Rep.",Africa,1992,56.433::4016.239529
"Congo, Rep.",Africa,1997,52.962::3484.164376
"Congo, Rep.",Africa,2002,52.97::3484.06197
"Congo, Rep.",Africa,2007,55.322::3632.557798
Costa Rica,Americas,1952,57.206::2627.009471
Costa Rica,Americas,1957,60.026::2990.010802
Costa Rica,Americas,1962,62.842::3460.937025
Costa Rica,Americas,1967,65.424::4161.727834
Costa Rica,Americas,1972,67.849::5118.146939
Costa Rica,Americas,1977,70.75::5926.876967
Costa Rica,Americas,1982,73.45::5262.734751
Costa Rica,Americas,1987,74.752::5629.915318
Costa Rica,Americas,1992,75.713::6160.416317
Costa Rica,Americas,1997,77.26::6677.045314
Costa Rica,Americas,2002,78.123::7723.447195
Costa Rica,Americas,2007,78.782::9645.06142
Cote d'Ivoire,Africa,1952,40.477::1388.594732
Cote d'Ivoire,Africa,1957,42.469::1500.895925
Cote d'Ivoire,Africa,1962,44.93::1728.869428
Cote d'Ivoire,Africa,1967,47.35::2052.050473
Cote d'Ivoire,Africa,1972,49.801::2378.201111
Cote d'Ivoire,Africa,1977,52.374::2517.736547
Cote d'Ivoire,Africa,1982,53.983::2602.710169
Cote d'Ivoire,Africa,1987,54.655::2156.956069
Cote d'Ivoire,Africa,1992,52.044::1648.073791
Cote d'Ivoire,Africa,1997,47.991::1786.265407
Cote d'Ivoire,Africa,2002,46.832::1648.800823
Cote d'Ivoire,Africa,2007,48.328::1544.750112
Croatia,Europe,1952,61.21::3119.23652
Croatia,Europe,1957,64.77::4338.231617
Croatia,Europe,1962,67.13::5477.890018
Croatia,Europe,1967,68.5::6960.297861
Croatia,Europe,1972,69.61::9164.090127
Croatia,Europe,1977,70.64::11305.38517
Croatia,Europe,1982,70.46::13221.82184
Croatia,Europe,1987,71.52::13822.58394
Croatia,Europe,1992,72.527::8447.794873
Croatia,Europe,1997,73.68::9875.604515
Croatia,Europe,2002,74.876::11628.38895
Croatia,Europe,2007,75.748::14619.22272
Cuba,Americas,1952,59.421::5586.53878
Cuba,Americas,1957,62.325::6092.174359
Cuba,Americas,1962,65.246::5180.75591
Cuba,Americas,1967,68.29::5690.268015
Cuba,Americas,1972,70.723::5305.445256
Cuba,Americas,1977,72.649::6380.494966
Cuba,Americas,1982,73.717::7316.918107
Cuba,Americas,1987,74.174::7532.924763
Cuba,Americas,1992,74.414::5592.843963
Cuba,Americas,1997,76.151::5431.990415
Cuba,Americas,2002,77.158::6340.646683
Cuba,Americas,2007,78.273::8948.102923
Czech Republic,Europe,1952,66.87::6876.14025
Czech Republic,Europe,1957,69.03::8256.343918
Czech Republic,Europe,1962,69.9::10136.86713
Czech Republic,Europe,1967,70.38::11399.44489
Czech Republic,Europe,1972,70.29::13108.4536
Czech Republic,Europe,1977,70.71::14800.16062
Czech Republic,Europe,1982,70.96::15377.22855
Czech Republic,Europe,1987,71.58::16310.4434
Czech Republic,Europe,1992,72.4::14297.02122
Czech Republic,Europe,1997,74.01::16048.51424
Czech Republic,Europe,2002,75.51::17596.21022
Czech Republic,Europe,2007,76.486::22833.30851
Denmark,Europe,1952,70.78::9692.385245
Denmark,Europe,1957,71.81::11099.65935
Denmark,Europe,1962,72.35::13583.31351
Denmark,Europe,1967,72.96::15937.21123
Denmark,Europe,1972,73.47::18866.20721
Denmark,Europe,1977,74.69::20422.9015
Denmark,Europe,1982,74.63::21688.04048
Denmark,Europe,1987,74.8::25116.17581
Denmark,Europe,1992,75.33::26406.73985
Denmark,Europe,1997,76.11::29804.34567
Denmark,Europe,2002,77.18::32166.50006
Denmark,Europe,2007,78.332::35278.41874
Djibouti,Africa,1952,34.812::2669.529475
Djibouti,Africa,1957,37.328::2864.969076
Djibouti,Africa,1962,39.693::3020.989263
Djibouti,Africa,1967,42.074::3020.050513
Djibouti,Africa,1972,44.366::3694.212352
Djibouti,Africa,1977,46.519::3081.761022
Djibouti,Africa,1982,48.812::2879.468067
Djibouti,Africa,1987,50.04::2880.102568
Djibouti,Africa,1992,51.604::2377.156192
Djibouti,Africa,1997,53.157::1895.016984
Djibouti,Africa,2002,53.373::1908.260867
Djibouti,Africa,2007,54.791::2082.481567
Dominican Republic,Americas,1952,45.928::1397.717137
Dominican Republic,Americas,1957,49.828::1544.402995
Dominican Republic,Americas,1962,53.459::1662.137359
Dominican Republic,Americas,1967,56.751::1653.723003
Dominican Republic,Americas,1972,59.631::2189.874499
Dominican Republic,Americas,1977,61.788::2681.9889
Dominican Republic,Americas,1982,63.727::2861.092386
Dominican Republic,Americas,1987,66.046::2899.842175
Dominican Republic,Americas,1992,68.457::3044.214214
Dominican Republic,Americas,1997,69.957::3614.101285
Dominican Republic,Americas,2002,70.847::4563.808154
Dominican Republic,Americas,2007,72.235::6025.374752
Ecuador,Americas,1952,48.357::3522.110717
Ecuador,Americas,1957,51.356::3780.546651
Ecuador,Americas,1962,54.64::4086.114078
Ecuador,Americas,1967,56.678::4579.074215
Ecuador,Americas,1972,58.796::5280.99471
Ecuador,Americas,1977,61.31::6679.62326
Ecuador,Americas,1982,64.342::7213.791267
Ecuador,Americas,1987,67.231::6481.776993
Ecuador,Americas,1992,69.613::7103.702595
Ecuador,Americas,1997,72.312::7429.455877
Ecuador,Americas,2002,74.173::5773.044512
Ecuador,Americas,2007,74.994::6873.262326
Egypt,Africa,1952,41.893::1418.822445
Egypt,Africa,1957,44.444::1458.915272
Egypt,Africa,1962,46.992::1693.335853
Egypt,Africa,1967,49.293::1814.880728
Egypt,Africa,1972,51.137::2024.008147
Egypt,Africa,1977,53.319::2785.493582
Egypt,Africa,1982,56.006::3503.729636
Egypt,Africa,1987,59.797::3885.46071
Egypt,Africa,1992,63.674::3794.755195
Egypt,Africa,1997,67.217::4173.181797
Egypt,Africa,2002,69.806::4754.604414
Egypt,Africa,2007,71.338::5581.180998
El Salvador,Americas,1952,45.262::3048.3029
El Salvador,Americas,1957,48.57::3421.523218
El Salvador,Americas,1962,52.307::3776.803627
El Salvador,Americas,1967,55.855::4358.595393
El Salvador,Americas,1972,58.207::4520.246008
El Salvador,Americas,1977,56.696::5138.922374
El Salvador,Americas,1982,56.604::4098.344175
El Salvador,Americas,1987,63.154::4140.442097
El Salvador,Americas,1992,66.798::4444.2317
El Salvador,Americas,1997,69.535::5154.825496
El Salvador,Americas,2002,70.734::5351.568666
El Salvador,Americas,2007,71.878::5728.353514
Equatorial Guinea,Africa,1952,34.482::375.6431231
Equatorial Guinea,Africa,1957,35.983::426.0964081
Equatorial Guinea,Africa,1962,37.485::582.8419714
Equatorial Guinea,Africa,1967,38.987::915.5960025
Equatorial Guinea,Africa,1972,40.516::672.4122571
Equatorial Guinea,Africa,1977,42.024::958.5668124
Equatorial Guinea,Africa,1982,43.662::927.8253427
Equatorial Guinea,Africa,1987,45.664::966.8968149
Equatorial Guinea,Africa,1992,47.545::1132.055034
Equatorial Guinea,Africa,1997,48.245::2814.480755
Equatorial Guinea,Africa,2002,49.348::7703.4959
Equatorial Guinea,Africa,2007,51.579::12154.08975
Eritrea,Africa,1952,35.928::328.9405571
Eritrea,Africa,1957,38.047::344.1618859
Eritrea,Africa,1962,40.158::380.9958433
Eritrea,Africa,1967,42.189::468.7949699
Eritrea,Africa,1972,44.142::514.3242082
Eritrea,Africa,1977,44.535::505.7538077
Eritrea,Africa,1982,43.89::524.8758493
Eritrea,Africa,1987,46.453::521.1341333
Eritrea,Africa,1992,49.991::582.8585102
Eritrea,Africa,1997,53.378::913.47079
Eritrea,Africa,2002,55.24::765.3500015
Eritrea,Africa,2007,58.04::641.3695236
Ethiopia,Africa,1952,34.078::362.1462796
Ethiopia,Africa,1957,36.667::378.9041632
Ethiopia,Africa,1962,40.059::419.4564161
Ethiopia,Africa,1967,42.115::516.1186438
Ethiopia,Africa,1972,43.515::566.2439442
Ethiopia,Africa,1977,44.51::556.8083834
Ethiopia,Africa,1982,44.916::577.8607471
Ethiopia,Africa,1987,46.684::573.7413142
Ethiopia,Africa,1992,48.091::421.3534653
Ethiopia,Africa,1997,49.402::515.8894013
Ethiopia,Africa,2002,50.725::530.0535319
Ethiopia,Africa,2007,52.947::690.8055759
Finland,Europe,1952,66.55::6424.519071
Finland,Europe,1957,67.49::7545.415386
Finland,Europe,1962,68.75::9371.842561
Finland,Europe,1967,69.83::10921.63626
Finland,Europe,1972,70.87::14358.8759
Finland,Europe,1977,72.52::15605.42283
Finland,Europe,1982,74.55::18533.15761
Finland,Europe,1987,74.83::21141.01223
Finland,Europe,1992,75.7::20647.16499
Finland,Europe,1997,77.13::23723.9502
Finland,Europe,2002,78.37::28204.59057
Finland,Europe,2007,79.313::33207.0844
France,Europe,1952,67.41::7029.809327
France,Europe,1957,68.93::8662.834898
France,Europe,1962,70.51::10560.48553
France,Europe,1967,71.55::12999.91766
France,Europe,1972,72.38::16107.19171
France,Europe,1977,73.83::18292.63514
France,Europe,1982,74.89::20293.89746
France,Europe,1987,76.34::22066.44214
France,Europe,1992,77.46::24703.79615
France,Europe,1997,78.64::25889.78487
France,Europe,2002,79.59::28926.03234
France,Europe,2007,80.657::30470.0167
Gabon,Africa,1952,37.003::4293.476475
Gabon,Africa,1957,38.999::4976.198099
Gabon,Africa,1962,40.489::6631.459222
Gabon,Africa,1967,44.598::8358.761987
Gabon,Africa,1972,48.69::11401.94841
Gabon,Africa,1977,52.79::21745.57328
Gabon,Africa,1982,56.564::15113.36194
Gabon,Africa,1987,60.19::11864.40844
Gabon,Africa,1992,61.366::13522.15752
Gabon,Africa,1997,60.461::14722.84188
Gabon,Africa,2002,56.761::12521.71392
Gabon,Africa,2007,56.735::13206.48452
Gambia,Africa,1952,30::485.2306591
Gambia,Africa,1957,32.065::520.9267111
Gambia,Africa,1962,33.896::599.650276
Gambia,Africa,1967,35.857::734.7829124
Gambia,Africa,1972,38.308::756.0868363
Gambia,Africa,1977,41.842::884.7552507
Gambia,Africa,1982,45.58::835.8096108
Gambia,Africa,1987,49.265::611.6588611
Gambia,Africa,1992,52.644::665.6244126
Gambia,Africa,1997,55.861::653.7301704
Gambia,Africa,2002,58.041::660.5855997
Gambia,Africa,2007,59.448::752.7497265
Germany,Europe,1952,67.5::7144.114393
Germany,Europe,1957,69.1::10187.82665
Germany,Europe,1962,70.3::12902.46291
Germany,Europe,1967,70.8::14745.62561
Germany,Europe,1972,71::18016.18027
Germany,Europe,1977,72.5::20512.92123
Germany,Europe,1982,73.8::22031.53274
Germany,Europe,1987,74.847::24639.18566
Germany,Europe,1992,76.07::26505.30317
Germany,Europe,1997,77.34::27788.88416
Germany,Europe,2002,78.67::30035.80198
Germany,Europe,2007,79.406::32170.37442
Ghana,Africa,1952,43.149::911.2989371
Ghana,Africa,1957,44.779::1043.561537
Ghana,Africa,1962,46.452::1190.041118
Ghana,Africa,1967,48.072::1125.69716
Ghana,Africa,1972,49.875::1178.223708
Ghana,Africa,1977,51.756::993.2239571
Ghana,Africa,1982,53.744::876.032569
Ghana,Africa,1987,55.729::847.0061135
Ghana,Africa,1992,57.501::925.060154
Ghana,Africa,1997,58.556::1005.245812
Ghana,Africa,2002,58.453::1111.984578
Ghana,Africa,2007,60.022::1327.60891
Greece,Europe,1952,65.86::3530.690067
Greece,Europe,1957,67.86::4916.299889
Greece,Europe,1962,69.51::6017.190733
Greece,Europe,1967,71::8513.097016
Greece,Europe,1972,72.34::12724.82957
Greece,Europe,1977,73.68::14195.52428
Greece,Europe,1982,75.24::15268.42089
Greece,Europe,1987,76.67::16120.52839
Greece,Europe,1992,77.03::17541.49634
Greece,Europe,1997,77.869::18747.69814
Greece,Europe,2002,78.256::22514.2548
Greece,Europe,2007,79.483::27538.41188
Guatemala,Americas,1952,42.023::2428.237769
Guatemala,Americas,1957,44.142::2617.155967
Guatemala,Americas,1962,46.954::2750.364446
Guatemala,Americas,1967,50.016::3242.531147
Guatemala,Americas,1972,53.738::4031.408271
Guatemala,Americas,1977,56.029::4879.992748
Guatemala,Americas,1982,58.137::4820.49479
Guatemala,Americas,1987,60.782::4246.485974
Guatemala,Americas,1992,63.373::4439.45084
Guatemala,Americas,1997,66.322::4684.313807
Guatemala,Americas,2002,68.978::4858.347495
Guatemala,Americas,2007,70.259::5186.050003
Guinea,Africa,1952,33.609::510.1964923
Guinea,Africa,1957,34.558::576.2670245
Guinea,Africa,1962,35.753::686.3736739
Guinea,Africa,1967,37.197::708.7595409
Guinea,Africa,1972,38.842::741.6662307
Guinea,Africa,1977,40.762::874.6858643
Guinea,Africa,1982,42.891::857.2503577
Guinea,Africa,1987,45.552::805.5724718
Guinea,Africa,1992,48.576::794.3484384
Guinea,Africa,1997,51.455::869.4497668
Guinea,Africa,2002,53.676::945.5835837
Guinea,Africa,2007,56.007::942.6542111
Guinea-Bissau,Africa,1952,32.5::299.850319
Guinea-Bissau,Africa,1957,33.489::431.7904566
Guinea-Bissau,Africa,1962,34.488::522.0343725
Guinea-Bissau,Africa,1967,35.492::715.5806402
Guinea-Bissau,Africa,1972,36.486::820.2245876
Guinea-Bissau,Africa,1977,37.465::764.7259628
Guinea-Bissau,Africa,1982,39.327::838.1239671
Guinea-Bissau,Africa,1987,41.245::736.4153921
Guinea-Bissau,Africa,1992,43.266::745.5398706
Guinea-Bissau,Africa,1997,44.873::796.6644681
Guinea-Bissau,Africa,2002,45.504::575.7047176
Guinea-Bissau,Africa,2007,46.388::579.231743
Haiti,Americas,1952,37.579::1840.366939
Haiti,Americas,1957,40.696::1726.887882
Haiti,Americas,1962,43.59::1796.589032
Haiti,Americas,1967,46.243::1452.057666
Haiti,Americas,1972,48.042::1654.456946
Haiti,Americas,1977,49.923::1874.298931
Haiti,Americas,1982,51.461::2011.159549
Haiti,Americas,1987,53.636::1823.015995
Haiti,Americas,1992,55.089::1456.309517
Haiti,Americas,1997,56.671::1341.726931
Haiti,Americas,2002,58.137::1270.364932
Haiti,Americas,2007,60.916::1201.637154
Honduras,Americas,1952,41.912::2194.926204
Honduras,Americas,1957,44.665::2220.487682
Honduras,Americas,1962,48.041::2291.156835
Honduras,Americas,1967,50.924::2538.269358
Honduras,Americas,1972,53.884::2529.842345
Honduras,Americas,1977,57.402::3203.208066
Honduras,Americas,1982,60.909::3121.760794
Honduras,Americas,1987,64.492::3023.096699
Honduras,Americas,1992,66.399::3081.694603
Honduras,Americas,1997,67.659::3160.454906
Honduras,Americas,2002,68.565::3099.72866
Honduras,Americas,2007,70.198::3548.330846
"Hong Kong, China",Asia,1952,60.96::3054.421209
"Hong Kong, China",Asia,1957,64.75::3629.076457
"Hong Kong, China",Asia,1962,67.65::4692.648272
"Hong Kong, China",Asia,1967,70::6197.962814
"Hong Kong, China",Asia,1972,72::8315.928145
"Hong Kong, China",Asia,1977,73.6::11186.14125
"Hong Kong, China",Asia,1982,75.45::14560.53051
"Hong Kong, China",Asia,1987,76.2::20038.47269
"Hong Kong, China",Asia,1992,77.601::24757.60301
"Hong Kong, China",Asia,1997,80::28377.63219
"Hong Kong, China",Asia,2002,81.495::30209.01516
"Hong Kong, China",Asia,2007,82.208::39724.97867
Hungary,Europe,1952,64.03::5263.673816
Hungary,Europe,1957,66.41::6040.180011
Hungary,Europe,1962,67.96::7550.359877
Hungary,Europe,1967,69.5::9326.64467
Hungary,Europe,1972,69.76::10168.65611
Hungary,Europe,1977,69.95::11674.83737
Hungary,Europe,1982,69.39::12545.99066
Hungary,Europe,1987,69.58::12986.47998
Hungary,Europe,1992,69.17::10535.62855
Hungary,Europe,1997,71.04::11712.7768
Hungary,Europe,2002,72.59::14843.93556
Hungary,Europe,2007,73.338::18008.94444
Iceland,Europe,1952,72.49::7267.688428
Iceland,Europe,1957,73.47::9244.001412
Iceland,Europe,1962,73.68::10350.15906
Iceland,Europe,1967,73.73::13319.89568
Iceland,Europe,1972,74.46::15798.06362
Iceland,Europe,1977,76.11::19654.96247
Iceland,Europe,1982,76.99::23269.6075
Iceland,Europe,1987,77.23::26923.20628
Iceland,Europe,1992,78.77::25144.39201
Iceland,Europe,1997,78.95::28061.09966
Iceland,Europe,2002,80.5::31163.20196
Iceland,Europe,2007,81.757::36180.78919
India,Asia,1952,37.373::546.5657493
India,Asia,1957,40.249::590.061996
India,Asia,1962,43.605::658.3471509
India,Asia,1967,47.193::700.7706107
India,Asia,1972,50.651::724.032527
India,Asia,1977,54.208::813.337323
India,Asia,1982,56.596::855.7235377
India,Asia,1987,58.553::976.5126756
India,Asia,1992,60.223::1164.406809
India,Asia,1997,61.765::1458.817442
India,Asia,2002,62.879::1746.769454
India,Asia,2007,64.698::2452.210407
Indonesia,Asia,1952,37.468::749.6816546
Indonesia,Asia,1957,39.918::858.9002707
Indonesia,Asia,1962,42.518::849.2897701
Indonesia,Asia,1967,45.964::762.4317721
Indonesia,Asia,1972,49.203::1111.107907
Indonesia,Asia,1977,52.702::1382.702056
Indonesia,Asia,1982,56.159::1516.872988
Indonesia,Asia,1987,60.137::1748.356961
Indonesia,Asia,1992,62.681::2383.140898
Indonesia,Asia,1997,66.041::3119.335603
Indonesia,Asia,2002,68.588::2873.91287
Indonesia,Asia,2007,70.65::3540.651564
Iran,Asia,1952,44.869::3035.326002
Iran,Asia,1957,47.181::3290.257643
Iran,Asia,1962,49.325::4187.329802
Iran,Asia,1967,52.469::5906.731805
Iran,Asia,1972,55.234::9613.818607
Iran,Asia,1977,57.702::11888.59508
Iran,Asia,1982,59.62::7608.334602
Iran,Asia,1987,63.04::6642.881371
Iran,Asia,1992,65.742::7235.653188
Iran,Asia,1997,68.042::8263.590301
Iran,Asia,2002,69.451::9240.761975
Iran,Asia,2007,70.964::11605.71449
Iraq,Asia,1952,45.32::4129.766056
Iraq,Asia,1957,48.437::6229.333562
Iraq,Asia,1962,51.457::8341.737815
Iraq,Asia,1967,54.459::8931.459811
Iraq,Asia,1972,56.95::9576.037596
Iraq,Asia,1977,60.413::14688.23507
Iraq,Asia,1982,62.038::14517.90711
Iraq,Asia,1987,65.044::11643.57268
Iraq,Asia,1992,59.461::3745.640687
Iraq,Asia,1997,58.811::3076.239795
Iraq,Asia,2002,57.046::4390.717312
Iraq,Asia,2007,59.545::4471.061906
Ireland,Europe,1952,66.91::5210.280328
Ireland,Europe,1957,68.9::5599.077872
Ireland,Europe,1962,70.29::6631.597314
Ireland,Europe,1967,71.08::7655.568963
Ireland,Europe,1972,71.28::9530.772896
Ireland,Europe,1977,72.03::11150.98113
Ireland,Europe,1982,73.1::12618.32141
Ireland,Europe,1987,74.36::13872.86652
Ireland,Europe,1992,75.467::17558.81555
Ireland,Europe,1997,76.122::24521.94713
Ireland,Europe,2002,77.783::34077.04939
Ireland,Europe,2007,78.885::40675.99635
Israel,Asia,1952,65.39::4086.522128
Israel,Asia,1957,67.84::5385.278451
Israel,Asia,1962,69.39::7105.630706
Israel,Asia,1967,70.75::8393.741404
Israel,Asia,1972,71.63::12786.93223
Israel,Asia,1977,73.06::13306.61921
Israel,Asia,1982,74.45::15367.0292
Israel,Asia,1987,75.6::17122.47986
Israel,Asia,1992,76.93::18051.52254
Israel,Asia,1997,78.269::20896.60924
Israel,Asia,2002,79.696::21905.59514
Israel,Asia,2007,80.745::25523.2771
Italy,Europe,1952,65.94::4931.404155
Italy,Europe,1957,67.81::6248.656232
Italy,Europe,1962,69.24::8243.58234
Italy,Europe,1967,71.06::10022.40131
Italy,Europe,1972,72.19::12269.27378
Italy,Europe,1977,73.48::14255.98475
Italy,Europe,1982,74.98::16537.4835
Italy,Europe,1987,76.42::19207.23482
Italy,Europe,1992,77.44::22013.64486
Italy,Europe,1997,78.82::24675.02446
Italy,Europe,2002,80.24::27968.09817
Italy,Europe,2007,80.546::28569.7197
Jamaica,Americas,1952,58.53::2898.530881
Jamaica,Americas,1957,62.61::4756.525781
Jamaica,Americas,1962,65.61::5246.107524
Jamaica,Americas,1967,67.51::6124.703451
Jamaica,Americas,1972,69::7433.889293
Jamaica,Americas,1977,70.11::6650.195573
Jamaica,Americas,1982,71.21::6068.05135
Jamaica,Americas,1987,71.77::6351.237495
Jamaica,Americas,1992,71.766::7404.923685
Jamaica,Americas,1997,72.262::7121.924704
Jamaica,Americas,2002,72.047::6994.774861
Jamaica,Americas,2007,72.567::7320.880262
Japan,Asia,1952,63.03::3216.956347
Japan,Asia,1957,65.5::4317.694365
Japan,Asia,1962,68.73::6576.649461
Japan,Asia,1967,71.43::9847.788607
Japan,Asia,1972,73.42::14778.78636
Japan,Asia,1977,75.38::16610.37701
Japan,Asia,1982,77.11::19384.10571
Japan,Asia,1987,78.67::22375.94189
Japan,Asia,1992,79.36::26824.89511
Japan,Asia,1997,80.69::28816.58499
Japan,Asia,2002,82::28604.5919
Japan,Asia,2007,82.603::31656.06806
Jordan,Asia,1952,43.158::1546.907807
Jordan,Asia,1957,45.669::1886.080591
Jordan,Asia,1962,48.126::2348.009158
Jordan,Asia,1967,51.629::2741.796252
Jordan,Asia,1972,56.528::2110.856309
Jordan,Asia,1977,61.134::2852.351568
Jordan,Asia,1982,63.739::4161.415959
Jordan,Asia,1987,65.869::4448.679912
Jordan,Asia,1992,68.015::3431.593647
Jordan,Asia,1997,69.772::3645.379572
Jordan,Asia,2002,71.263::3844.917194
Jordan,Asia,2007,72.535::4519.461171
Kenya,Africa,1952,42.27::853.540919
Kenya,Africa,1957,44.686::944.4383152
Kenya,Africa,1962,47.949::896.9663732
Kenya,Africa,1967,50.654::1056.736457
Kenya,Africa,1972,53.559::1222.359968
Kenya,Africa,1977,56.155::1267.613204
Kenya,Africa,1982,58.766::1348.225791
Kenya,Africa,1987,59.339::1361.936856
Kenya,Africa,1992,59.285::1341.921721
Kenya,Africa,1997,54.407::1360.485021
Kenya,Africa,2002,50.992::1287.514732
Kenya,Africa,2007,54.11::1463.249282
"Korea, Dem. Rep.",Asia,1952,50.056::1088.277758
"Korea, Dem. Rep.",Asia,1957,54.081::1571.134655
"Korea, Dem. Rep.",Asia,1962,56.656::1621.693598
"Korea, Dem. Rep.",Asia,1967,59.942::2143.540609
"Korea, Dem. Rep.",Asia,1972,63.983::3701.621503
"Korea, Dem. Rep.",Asia,1977,67.159::4106.301249
"Korea, Dem. Rep.",Asia,1982,69.1::4106.525293
"Korea, Dem. Rep.",Asia,1987,70.647::4106.492315
"Korea, Dem. Rep.",Asia,1992,69.978::3726.063507
"Korea, Dem. Rep.",Asia,1997,67.727::1690.756814
"Korea, Dem. Rep.",Asia,2002,66.662::1646.758151
"Korea, Dem. Rep.",Asia,2007,67.297::1593.06548
"Korea, Rep.",Asia,1952,47.453::1030.592226
"Korea, Rep.",Asia,1957,52.681::1487.593537
"Korea, Rep.",Asia,1962,55.292::1536.344387
"Korea, Rep.",Asia,1967,57.716::2029.228142
"Korea, Rep.",Asia,1972,62.612::3030.87665
"Korea, Rep.",Asia,1977,64.766::4657.22102
"Korea, Rep.",Asia,1982,67.123::5622.942464
"Korea, Rep.",Asia,1987,69.81::8533.088805
"Korea, Rep.",Asia,1992,72.244::12104.27872
"Korea, Rep.",Asia,1997,74.647::15993.52796
"Korea, Rep.",Asia,2002,77.045::19233.98818
"Korea, Rep.",Asia,2007,78.623::23348.13973
Kuwait,Asia,1952,55.565::108382.3529
Kuwait,Asia,1957,58.033::113523.1329
Kuwait,Asia,1962,60.47::95458.11176
Kuwait,Asia,1967,64.624::80894.88326
Kuwait,Asia,1972,67.712::109347.867
Kuwait,Asia,1977,69.343::59265.47714
Kuwait,Asia,1982,71.309::31354.03573
Kuwait,Asia,1987,74.174::28118.42998
Kuwait,Asia,1992,75.19::34932.91959
Kuwait,Asia,1997,76.156::40300.61996
Kuwait,Asia,2002,76.904::35110.10566
Kuwait,Asia,2007,77.588::47306.98978
Lebanon,Asia,1952,55.928::4834.804067
Lebanon,Asia,1957,59.489::6089.786934
Lebanon,Asia,1962,62.094::5714.560611
Lebanon,Asia,1967,63.87::6006.983042
Lebanon,Asia,1972,65.421::7486.384341
Lebanon,Asia,1977,66.099::8659.696836
Lebanon,Asia,1982,66.983::7640.519521
Lebanon,Asia,1987,67.926::5377.091329
Lebanon,Asia,1992,69.292::6890.806854
Lebanon,Asia,1997,70.265::8754.96385
Lebanon,Asia,2002,71.028::9313.93883
Lebanon,Asia,2007,71.993::10461.05868
Lesotho,Africa,1952,42.138::298.8462121
Lesotho,Africa,1957,45.047::335.9971151
Lesotho,Africa,1962,47.747::411.8006266
Lesotho,Africa,1967,48.492::498.6390265
Lesotho,Africa,1972,49.767::496.5815922
Lesotho,Africa,1977,52.208::745.3695408
Lesotho,Africa,1982,55.078::797.2631074
Lesotho,Africa,1987,57.18::773.9932141
Lesotho,Africa,1992,59.685::977.4862725
Lesotho,Africa,1997,55.558::1186.147994
Lesotho,Africa,2002,44.593::1275.184575
Lesotho,Africa,2007,42.592::1569.331442
Liberia,Africa,1952,38.48::575.5729961
Liberia,Africa,1957,39.486::620.9699901
Liberia,Africa,1962,40.502::634.1951625
Liberia,Africa,1967,41.536::713.6036483
Liberia,Africa,1972,42.614::803.0054535
Liberia,Africa,1977,43.764::640.3224383
Liberia,Africa,1982,44.852::572.1995694
Liberia,Africa,1987,46.027::506.1138573
Liberia,Africa,1992,40.802::636.6229191
Liberia,Africa,1997,42.221::609.1739508
Liberia,Africa,2002,43.753::531.4823679
Liberia,Africa,2007,45.678::414.5073415
Libya,Africa,1952,42.723::2387.54806
Libya,Africa,1957,45.289::3448.284395
Libya,Africa,1962,47.808::6757.030816
Libya,Africa,1967,50.227::18772.75169
Libya,Africa,1972,52.773::21011.49721
Libya,Africa,1977,57.442::21951.21176
Libya,Africa,1982,62.155::17364.27538
Libya,Africa,1987,66.234::11770.5898
Libya,Africa,1992,68.755::9640.138501
Libya,Africa,1997,71.555::9467.446056
Libya,Africa,2002,72.737::9534.677467
Libya,Africa,2007,73.952::12057.49928
Madagascar,Africa,1952,36.681::1443.011715
Madagascar,Africa,1957,38.865::1589.20275
Madagascar,Africa,1962,40.848::1643.38711
Madagascar,Africa,1967,42.881::1634.047282
Madagascar,Africa,1972,44.851::1748.562982
Madagascar,Africa,1977,46.881::1544.228586
Madagascar,Africa,1982,48.969::1302.878658
Madagascar,Africa,1987,49.35::1155.441948
Madagascar,Africa,1992,52.214::1040.67619
Madagascar,Africa,1997,54.978::986.2958956
Madagascar,Africa,2002,57.286::894.6370822
Madagascar,Africa,2007,59.443::1044.770126
Malawi,Africa,1952,36.256::369.1650802
Malawi,Africa,1957,37.207::416.3698064
Malawi,Africa,1962,38.41::427.9010856
Malawi,Africa,1967,39.487::495.5147806
Malawi,Africa,1972,41.766::584.6219709
Malawi,Africa,1977,43.767::663.2236766
Malawi,Africa,1982,45.642::632.8039209
Malawi,Africa,1987,47.457::635.5173634
Malawi,Africa,1992,49.42::563.2000145
Malawi,Africa,1997,47.495::692.2758103
Malawi,Africa,2002,45.009::665.4231186
Malawi,Africa,2007,48.303::759.3499101
Malaysia,Asia,1952,48.463::1831.132894
Malaysia,Asia,1957,52.102::1810.066992
Malaysia,Asia,1962,55.737::2036.884944
Malaysia,Asia,1967,59.371::2277.742396
Malaysia,Asia,1972,63.01::2849.09478
Malaysia,Asia,1977,65.256::3827.921571
Malaysia,Asia,1982,68::4920.355951
Malaysia,Asia,1987,69.5::5249.802653
Malaysia,Asia,1992,70.693::7277.912802
Malaysia,Asia,1997,71.938::10132.90964
Malaysia,Asia,2002,73.044::10206.97794
Malaysia,Asia,2007,74.241::12451.6558
Mali,Africa,1952,33.685::452.3369807
Mali,Africa,1957,35.307::490.3821867
Mali,Africa,1962,36.936::496.1743428
Mali,Africa,1967,38.487::545.0098873
Mali,Africa,1972,39.977::581.3688761
Mali,Africa,1977,41.714::686.3952693
Mali,Africa,1982,43.916::618.0140641
Mali,Africa,1987,46.364::684.1715576
Mali,Africa,1992,48.388::739.014375
Mali,Africa,1997,49.903::790.2579846
Mali,Africa,2002,51.818::951.4097518
Mali,Africa,2007,54.467::1042.581557
Mauritania,Africa,1952,40.543::743.1159097
Mauritania,Africa,1957,42.338::846.1202613
Mauritania,Africa,1962,44.248::1055.896036
Mauritania,Africa,1967,46.289::1421.145193
Mauritania,Africa,1972,48.437::1586.851781
Mauritania,Africa,1977,50.852::1497.492223
Mauritania,Africa,1982,53.599::1481.150189
Mauritania,Africa,1987,56.145::1421.603576
Mauritania,Africa,1992,58.333::1361.369784
Mauritania,Africa,1997,60.43::1483.136136
Mauritania,Africa,2002,62.247::1579.019543
Mauritania,Africa,2007,64.164::1803.151496
Mauritius,Africa,1952,50.986::1967.955707
Mauritius,Africa,1957,58.089::2034.037981
Mauritius,Africa,1962,60.246::2529.067487
Mauritius,Africa,1967,61.557::2475.387562
Mauritius,Africa,1972,62.944::2575.484158
Mauritius,Africa,1977,64.93::3710.982963
Mauritius,Africa,1982,66.711::3688.037739
Mauritius,Africa,1987,68.74::4783.586903
Mauritius,Africa,1992,69.745::6058.253846
Mauritius,Africa,1997,70.736::7425.705295
Mauritius,Africa,2002,71.954::9021.815894
Mauritius,Africa,2007,72.801::10956.99112
Mexico,Americas,1952,50.789::3478.125529
Mexico,Americas,1957,55.19::4131.546641
Mexico,Americas,1962,58.299::4581.609385
Mexico,Americas,1967,60.11::5754.733883
Mexico,Americas,1972,62.361::6809.40669
Mexico,Americas,1977,65.032::7674.929108
Mexico,Americas,1982,67.405::9611.147541
Mexico,Americas,1987,69.498::8688.156003
Mexico,Americas,1992,71.455::9472.384295
Mexico,Americas,1997,73.67::9767.29753
Mexico,Americas,2002,74.902::10742.44053
Mexico,Americas,2007,76.195::11977.57496
Mongolia,Asia,1952,42.244::786.5668575
Mongolia,Asia,1957,45.248::912.6626085
Mongolia,Asia,1962,48.251::1056.353958
Mongolia,Asia,1967,51.253::1226.04113
Mongolia,Asia,1972,53.754::1421.741975
Mongolia,Asia,1977,55.491::1647.511665
Mongolia,Asia,1982,57.489::2000.603139
Mongolia,Asia,1987,60.222::2338.008304
Mongolia,Asia,1992,61.271::1785.402016
Mongolia,Asia,1997,63.625::1902.2521
Mongolia,Asia,2002,65.033::2140.739323
Mongolia,Asia,2007,66.803::3095.772271
Montenegro,Europe,1952,59.164::2647.585601
Montenegro,Europe,1957,61.448::3682.259903
Montenegro,Europe,1962,63.728::4649.593785
Montenegro,Europe,1967,67.178::5907.850937
Montenegro,Europe,1972,70.636::7778.414017
Montenegro,Europe,1977,73.066::9595.929905
Montenegro,Europe,1982,74.101::11222.58762
Montenegro,Europe,1987,74.865::11732.51017
Montenegro,Europe,1992,75.435::7003.339037
Montenegro,Europe,1997,75.445::6465.613349
Montenegro,Europe,2002,73.981::6557.194282
Montenegro,Europe,2007,74.543::9253.896111
Morocco,Africa,1952,42.873::1688.20357
Morocco,Africa,1957,45.423::1642.002314
Morocco,Africa,1962,47.924::1566.353493
Morocco,Africa,1967,50.335::1711.04477
Morocco,Africa,1972,52.862::1930.194975
Morocco,Africa,1977,55.73::2370.619976
Morocco,Africa,1982,59.65::2702.620356
Morocco,Africa,1987,62.677::2755.046991
Morocco,Africa,1992,65.393::2948.047252
Morocco,Africa,1997,67.66::2982.101858
Morocco,Africa,2002,69.615::3258.495584
Morocco,Africa,2007,71.164::3820.17523
Mozambique,Africa,1952,31.286::468.5260381
Mozambique,Africa,1957,33.779::495.5868333
Mozambique,Africa,1962,36.161::556.6863539
Mozambique,Africa,1967,38.113::566.6691539
Mozambique,Africa,1972,40.328::724.9178037
Mozambique,Africa,1977,42.495::502.3197334
Mozambique,Africa,1982,42.795::462.2114149
Mozambique,Africa,1987,42.861::389.8761846
Mozambique,Africa,1992,44.284::410.8968239
Mozambique,Africa,1997,46.344::472.3460771
Mozambique,Africa,2002,44.026::633.6179466
Mozambique,Africa,2007,42.082::823.6856205
Myanmar,Asia,1952,36.319::331
Myanmar,Asia,1957,41.905::350
Myanmar,Asia,1962,45.108::388
Myanmar,Asia,1967,49.379::349
Myanmar,Asia,1972,53.07::357
Myanmar,Asia,1977,56.059::371
Myanmar,Asia,1982,58.056::424
Myanmar,Asia,1987,58.339::385
Myanmar,Asia,1992,59.32::347
Myanmar,Asia,1997,60.328::415
Myanmar,Asia,2002,59.908::611
Myanmar,Asia,2007,62.069::944
Namibia,Africa,1952,41.725::2423.780443
Namibia,Africa,1957,45.226::2621.448058
Namibia,Africa,1962,48.386::3173.215595
Namibia,Africa,1967,51.159::3793.694753
Namibia,Africa,1972,53.867::3746.080948
Namibia,Africa,1977,56.437::3876.485958
Namibia,Africa,1982,58.968::4191.100511
Namibia,Africa,1987,60.835::3693.731337
Namibia,Africa,1992,61.999::3804.537999
Namibia,Africa,1997,58.909::3899.52426
Namibia,Africa,2002,51.479::4072.324751
Namibia,Africa,2007,52.906::4811.060429
Nepal,Asia,1952,36.157::545.8657229
Nepal,Asia,1957,37.686::597.9363558
Nepal,Asia,1962,39.393::652.3968593
Nepal,Asia,1967,41.472::676.4422254
Nepal,Asia,1972,43.971::674.7881296
Nepal,Asia,1977,46.748::694.1124398
Nepal,Asia,1982,49.594::718.3730947
Nepal,Asia,1987,52.537::775.6324501
Nepal,Asia,1992,55.727::897.7403604
Nepal,Asia,1997,59.426::1010.892138
Nepal,Asia,2002,61.34::1057.206311
Nepal,Asia,2007,63.785::1091.359778
Netherlands,Europe,1952,72.13::8941.571858
Netherlands,Europe,1957,72.99::11276.19344
Netherlands,Europe,1962,73.23::12790.84956
Netherlands,Europe,1967,73.82::15363.25136
Netherlands,Europe,1972,73.75::18794.74567
Netherlands,Europe,1977,75.24::21209.0592
Netherlands,Europe,1982,76.05::21399.46046
Netherlands,Europe,1987,76.83::23651.32361
Netherlands,Europe,1992,77.42::26790.94961
Netherlands,Europe,1997,78.03::30246.13063
Netherlands,Europe,2002,78.53::33724.75778
Netherlands,Europe,2007,79.762::36797.93332
New Zealand,Oceania,1952,69.39::10556.57566
New Zealand,Oceania,1957,70.26::12247.39532
New Zealand,Oceania,1962,71.24::13175.678
New Zealand,Oceania,1967,71.52::14463.91893
New Zealand,Oceania,1972,71.89::16046.03728
New Zealand,Oceania,1977,72.22::16233.7177
New Zealand,Oceania,1982,73.84::17632.4104
New Zealand,Oceania,1987,74.32::19007.19129
New Zealand,Oceania,1992,76.33::18363.32494
New Zealand,Oceania,1997,77.55::21050.41377
New Zealand,Oceania,2002,79.11::23189.80135
New Zealand,Oceania,2007,80.204::25185.00911
Nicaragua,Americas,1952,42.314::3112.363948
Nicaragua,Americas,1957,45.432::3457.415947
Nicaragua,Americas,1962,48.632::3634.364406
Nicaragua,Americas,1967,51.884::4643.393534
Nicaragua,Americas,1972,55.151::4688.593267
Nicaragua,Americas,1977,57.47::5486.371089
Nicaragua,Americas,1982,59.298::3470.338156
Nicaragua,Americas,1987,62.008::2955.984375
Nicaragua,Americas,1992,65.843::2170.151724
Nicaragua,Americas,1997,68.426::2253.023004
Nicaragua,Americas,2002,70.836::2474.548819
Nicaragua,Americas,2007,72.899::2749.320965
Niger,Africa,1952,37.444::761.879376
Niger,Africa,1957,38.598::835.5234025
Niger,Africa,1962,39.487::997.7661127
Niger,Africa,1967,40.118::1054.384891
Niger,Africa,1972,40.546::954.2092363
Niger,Africa,1977,41.291::808.8970728
Niger,Africa,1982,42.598::909.7221354
Niger,Africa,1987,44.555::668.3000228
Niger,Africa,1992,47.391::581.182725
Niger,Africa,1997,51.313::580.3052092
Niger,Africa,2002,54.496::601.0745012
Niger,Africa,2007,56.867::619.6768924
Nigeria,Africa,1952,36.324::1077.281856
Nigeria,Africa,1957,37.802::1100.592563
Nigeria,Africa,1962,39.36::1150.927478
Nigeria,Africa,1967,41.04::1014.514104
Nigeria,Africa,1972,42.821::1698.388838
Nigeria,Africa,1977,44.514::1981.951806
Nigeria,Africa,1982,45.826::1576.97375
Nigeria,Africa,1987,46.886::1385.029563
Nigeria,Africa,1992,47.472::1619.848217
Nigeria,Africa,1997,47.464::1624.941275
Nigeria,Africa,2002,46.608::1615.286395
Nigeria,Africa,2007,46.859::2013.977305
Norway,Europe,1952,72.67::10095.42172
Norway,Europe,1957,73.44::11653.97304
Norway,Europe,1962,73.47::13450.40151
Norway,Europe,1967,74.08::16361.87647
Norway,Europe,1972,74.34::18965.05551
Norway,Europe,1977,75.37::23311.34939
Norway,Europe,1982,75.97::26298.63531
Norway,Europe,1987,75.89::31540.9748
Norway,Europe,1992,77.32::33965.66115
Norway,Europe,1997,78.32::41283.16433
Norway,Europe,2002,79.05::44683.97525
Norway,Europe,2007,80.196::49357.19017
Oman,Asia,1952,37.578::1828.230307
Oman,Asia,1957,40.08::2242.746551
Oman,Asia,1962,43.165::2924.638113
Oman,Asia,1967,46.988::4720.942687
Oman,Asia,1972,52.143::10618.03855
Oman,Asia,1977,57.367::11848.34392
Oman,Asia,1982,62.728::12954.79101
Oman,Asia,1987,67.734::18115.22313
Oman,Asia,1992,71.197::18616.70691
Oman,Asia,1997,72.499::19702.05581
Oman,Asia,2002,74.193::19774.83687
Oman,Asia,2007,75.64::22316.19287
Pakistan,Asia,1952,43.436::684.5971438
Pakistan,Asia,1957,45.557::747.0835292
Pakistan,Asia,1962,47.67::803.3427418
Pakistan,Asia,1967,49.8::942.4082588
Pakistan,Asia,1972,51.929::1049.938981
Pakistan,Asia,1977,54.043::1175.921193
Pakistan,Asia,1982,56.158::1443.429832
Pakistan,Asia,1987,58.245::1704.686583
Pakistan,Asia,1992,60.838::1971.829464
Pakistan,Asia,1997,61.818::2049.350521
Pakistan,Asia,2002,63.61::2092.712441
Pakistan,Asia,2007,65.483::2605.94758
Panama,Americas,1952,55.191::2480.380334
Panama,Americas,1957,59.201::2961.800905
Panama,Americas,1962,61.817::3536.540301
Panama,Americas,1967,64.071::4421.009084
Panama,Americas,1972,66.216::5364.249663
Panama,Americas,1977,68.681::5351.912144
Panama,Americas,1982,70.472::7009.601598
Panama,Americas,1987,71.523::7034.779161
Panama,Americas,1992,72.462::6618.74305
Panama,Americas,1997,73.738::7113.692252
Panama,Americas,2002,74.712::7356.031934
Panama,Americas,2007,75.537::9809.185636
Paraguay,Americas,1952,62.649::1952.308701
Paraguay,Americas,1957,63.196::2046.154706
Paraguay,Americas,1962,64.361::2148.027146
Paraguay,Americas,1967,64.951::2299.376311
Paraguay,Americas,1972,65.815::2523.337977
Paraguay,Americas,1977,66.353::3248.373311
Paraguay,Americas,1982,66.874::4258.503604
Paraguay,Americas,1987,67.378::3998.875695
Paraguay,Americas,1992,68.225::4196.411078
Paraguay,Americas,1997,69.4::4247.400261
Paraguay,Americas,2002,70.755::3783.674243
Paraguay,Americas,2007,71.752::4172.838464
Peru,Americas,1952,43.902::3758.523437
Peru,Americas,1957,46.263::4245.256698
Peru,Americas,1962,49.096::4957.037982
Peru,Americas,1967,51.445::5788.09333
Peru,Americas,1972,55.448::5937.827283
Peru,Americas,1977,58.447::6281.290855
Peru,Americas,1982,61.406::6434.501797
Peru,Americas,1987,64.134::6360.943444
Peru,Americas,1992,66.458::4446.380924
Peru,Americas,1997,68.386::5838.347657
Peru,Americas,2002,69.906::5909.020073
Peru,Americas,2007,71.421::7408.905561
Philippines,Asia,1952,47.752::1272.880995
Philippines,Asia,1957,51.334::1547.944844
Philippines,Asia,1962,54.757::1649.552153
Philippines,Asia,1967,56.393::1814.12743
Philippines,Asia,1972,58.065::1989.37407
Philippines,Asia,1977,60.06::2373.204287
Philippines,Asia,1982,62.082::2603.273765
Philippines,Asia,1987,64.151::2189.634995
Philippines,Asia,1992,66.458::2279.324017
Philippines,Asia,1997,68.564::2536.534925
Philippines,Asia,2002,70.303::2650.921068
Philippines,Asia,2007,71.688::3190.481016
Poland,Europe,1952,61.31::4029.329699
Poland,Europe,1957,65.77::4734.253019
Poland,Europe,1962,67.64::5338.752143
Poland,Europe,1967,69.61::6557.152776
Poland,Europe,1972,70.85::8006.506993
Poland,Europe,1977,70.67::9508.141454
Poland,Europe,1982,71.32::8451.531004
Poland,Europe,1987,70.98::9082.351172
Poland,Europe,1992,70.99::7738.881247
Poland,Europe,1997,72.75::10159.58368
Poland,Europe,2002,74.67::12002.23908
Poland,Europe,2007,75.563::15389.92468
Portugal,Europe,1952,59.82::3068.319867
Portugal,Europe,1957,61.51::3774.571743
Portugal,Europe,1962,64.39::4727.954889
Portugal,Europe,1967,66.6::6361.517993
Portugal,Europe,1972,69.26::9022.247417
Portugal,Europe,1977,70.41::10172.48572
Portugal,Europe,1982,72.77::11753.84291
Portugal,Europe,1987,74.06::13039.30876
Portugal,Europe,1992,74.86::16207.26663
Portugal,Europe,1997,75.97::17641.03156
Portugal,Europe,2002,77.29::19970.90787
Portugal,Europe,2007,78.098::20509.64777
Puerto Rico,Americas,1952,64.28::3081.959785
Puerto Rico,Americas,1957,68.54::3907.156189
Puerto Rico,Americas,1962,69.62::5108.34463
Puerto Rico,Americas,1967,71.1::6929.277714
Puerto Rico,Americas,1972,72.16::9123.041742
Puerto Rico,Americas,1977,73.44::9770.524921
Puerto Rico,Americas,1982,73.75::10330.98915
Puerto Rico,Americas,1987,74.63::12281.34191
Puerto Rico,Americas,1992,73.911::14641.58711
Puerto Rico,Americas,1997,74.917::16999.4333
Puerto Rico,Americas,2002,77.778::18855.60618
Puerto Rico,Americas,2007,78.746::19328.70901
Reunion,Africa,1952,52.724::2718.885295
Reunion,Africa,1957,55.09::2769.451844
Reunion,Africa,1962,57.666::3173.72334
Reunion,Africa,1967,60.542::4021.175739
Reunion,Africa,1972,64.274::5047.658563
Reunion,Africa,1977,67.064::4319.804067
Reunion,Africa,1982,69.885::5267.219353
Reunion,Africa,1987,71.913::5303.377488
Reunion,Africa,1992,73.615::6101.255823
Reunion,Africa,1997,74.772::6071.941411
Reunion,Africa,2002,75.744::6316.1652
Reunion,Africa,2007,76.442::7670.122558
Romania,Europe,1952,61.05::3144.613186
Romania,Europe,1957,64.1::3943.370225
Romania,Europe,1962,66.8::4734.997586
Romania,Europe,1967,66.8::6470.866545
Romania,Europe,1972,69.21::8011.414402
Romania,Europe,1977,69.46::9356.39724
Romania,Europe,1982,69.66::9605.314053
Romania,Europe,1987,69.53::9696.273295
Romania,Europe,1992,69.36::6598.409903
Romania,Europe,1997,69.72::7346.547557
Romania,Europe,2002,71.322::7885.360081
Romania,Europe,2007,72.476::10808.47561
Rwanda,Africa,1952,40::493.3238752
Rwanda,Africa,1957,41.5::540.2893983
Rwanda,Africa,1962,43::597.4730727
Rwanda,Africa,1967,44.1::510.9637142
Rwanda,Africa,1972,44.6::590.5806638
Rwanda,Africa,1977,45::670.0806011
Rwanda,Africa,1982,46.218::881.5706467
Rwanda,Africa,1987,44.02::847.991217
Rwanda,Africa,1992,23.599::737.0685949
Rwanda,Africa,1997,36.087::589.9445051
Rwanda,Africa,2002,43.413::785.6537648
Rwanda,Africa,2007,46.242::863.0884639
Sao Tome and Principe,Africa,1952,46.471::879.5835855
Sao Tome and Principe,Africa,1957,48.945::860.7369026
Sao Tome and Principe,Africa,1962,51.893::1071.551119
Sao Tome and Principe,Africa,1967,54.425::1384.840593
Sao Tome and Principe,Africa,1972,56.48::1532.985254
Sao Tome and Principe,Africa,1977,58.55::1737.561657
Sao Tome and Principe,Africa,1982,60.351::1890.218117
Sao Tome and Principe,Africa,1987,61.728::1516.525457
Sao Tome and Principe,Africa,1992,62.742::1428.777814
Sao Tome and Principe,Africa,1997,63.306::1339.076036
Sao Tome and Principe,Africa,2002,64.337::1353.09239
Sao Tome and Principe,Africa,2007,65.528::1598.435089
Saudi Arabia,Asia,1952,39.875::6459.554823
Saudi Arabia,Asia,1957,42.868::8157.591248
Saudi Arabia,Asia,1962,45.914::11626.41975
Saudi Arabia,Asia,1967,49.901::16903.04886
Saudi Arabia,Asia,1972,53.886::24837.42865
Saudi Arabia,Asia,1977,58.69::34167.7626
Saudi Arabia,Asia,1982,63.012::33693.17525
Saudi Arabia,Asia,1987,66.295::21198.26136
Saudi Arabia,Asia,1992,68.768::24841.61777
Saudi Arabia,Asia,1997,70.533::20586.69019
Saudi Arabia,Asia,2002,71.626::19014.54118
Saudi Arabia,Asia,2007,72.777::21654.83194
Senegal,Africa,1952,37.278::1450.356983
Senegal,Africa,1957,39.329::1567.653006
Senegal,Africa,1962,41.454::1654.988723
Senegal,Africa,1967,43.563::1612.404632
Senegal,Africa,1972,45.815::1597.712056
Senegal,Africa,1977,48.879::1561.769116
Senegal,Africa,1982,52.379::1518.479984
Senegal,Africa,1987,55.769::1441.72072
Senegal,Africa,1992,58.196::1367.899369
Senegal,Africa,1997,60.187::1392.368347
Senegal,Africa,2002,61.6::1519.635262
Senegal,Africa,2007,63.062::1712.472136
Serbia,Europe,1952,57.996::3581.459448
Serbia,Europe,1957,61.685::4981.090891
Serbia,Europe,1962,64.531::6289.629157
Serbia,Europe,1967,66.914::7991.707066
Serbia,Europe,1972,68.7::10522.06749
Serbia,Europe,1977,70.3::12980.66956
Serbia,Europe,1982,70.162::15181.0927
Serbia,Europe,1987,71.218::15870.87851
Serbia,Europe,1992,71.659::9325.068238
Serbia,Europe,1997,72.232::7914.320304
Serbia,Europe,2002,73.213::7236.075251
Serbia,Europe,2007,74.002::9786.534714
Sierra Leone,Africa,1952,30.331::879.7877358
Sierra Leone,Africa,1957,31.57::1004.484437
Sierra Leone,Africa,1962,32.767::1116.639877
Sierra Leone,Africa,1967,34.113::1206.043465
Sierra Leone,Africa,1972,35.4::1353.759762
Sierra Leone,Africa,1977,36.788::1348.285159
Sierra Leone,Africa,1982,38.445::1465.010784
Sierra Leone,Africa,1987,40.006::1294.447788
Sierra Leone,Africa,1992,38.333::1068.696278
Sierra Leone,Africa,1997,39.897::574.6481576
Sierra Leone,Africa,2002,41.012::699.489713
Sierra Leone,Africa,2007,42.568::862.5407561
Singapore,Asia,1952,60.396::2315.138227
Singapore,Asia,1957,63.179::2843.104409
Singapore,Asia,1962,65.798::3674.735572
Singapore,Asia,1967,67.946::4977.41854
Singapore,Asia,1972,69.521::8597.756202
Singapore,Asia,1977,70.795::11210.08948
Singapore,Asia,1982,71.76::15169.16112
Singapore,Asia,1987,73.56::18861.53081
Singapore,Asia,1992,75.788::24769.8912
Singapore,Asia,1997,77.158::33519.4766
Singapore,Asia,2002,78.77::36023.1054
Singapore,Asia,2007,79.972::47143.17964
Slovak Republic,Europe,1952,64.36::5074.659104
Slovak Republic,Europe,1957,67.45::6093.26298
Slovak Republic,Europe,1962,70.33::7481.107598
Slovak Republic,Europe,1967,70.98::8412.902397
Slovak Republic,Europe,1972,70.35::9674.167626
Slovak Republic,Europe,1977,70.45::10922.66404
Slovak Republic,Europe,1982,70.8::11348.54585
Slovak Republic,Europe,1987,71.08::12037.26758
Slovak Republic,Europe,1992,71.38::9498.467723
Slovak Republic,Europe,1997,72.71::12126.23065
Slovak Republic,Europe,2002,73.8::13638.77837
Slovak Republic,Europe,2007,74.663::18678.31435
Slovenia,Europe,1952,65.57::4215.041741
Slovenia,Europe,1957,67.85::5862.276629
Slovenia,Europe,1962,69.15::7402.303395
Slovenia,Europe,1967,69.18::9405.489397
Slovenia,Europe,1972,69.82::12383.4862
Slovenia,Europe,1977,70.97::15277.03017
Slovenia,Europe,1982,71.063::17866.72175
Slovenia,Europe,1987,72.25::18678.53492
Slovenia,Europe,1992,73.64::14214.71681
Slovenia,Europe,1997,75.13::17161.10735
Slovenia,Europe,2002,76.66::20660.01936
Slovenia,Europe,2007,77.926::25768.25759
Somalia,Africa,1952,32.978::1135.749842
Somalia,Africa,1957,34.977::1258.147413
Somalia,Africa,1962,36.981::1369.488336
Somalia,Africa,1967,38.977::1284.73318
Somalia,Africa,1972,40.973::1254.576127
Somalia,Africa,1977,41.974::1450.992513
Somalia,Africa,1982,42.955::1176.807031
Somalia,Africa,1987,44.501::1093.244963
Somalia,Africa,1992,39.658::926.9602964
Somalia,Africa,1997,43.795::930.5964284
Somalia,Africa,2002,45.936::882.0818218
Somalia,Africa,2007,48.159::926.1410683
South Africa,Africa,1952,45.009::4725.295531
South Africa,Africa,1957,47.985::5487.104219
South Africa,Africa,1962,49.951::5768.729717
South Africa,Africa,1967,51.927::7114.477971
South Africa,Africa,1972,53.696::7765.962636
South Africa,Africa,1977,55.527::8028.651439
South Africa,Africa,1982,58.161::8568.266228
South Africa,Africa,1987,60.834::7825.823398
South Africa,Africa,1992,61.888::7225.069258
South Africa,Africa,1997,60.236::7479.188244
South Africa,Africa,2002,53.365::7710.946444
South Africa,Africa,2007,49.339::9269.657808
Spain,Europe,1952,64.94::3834.034742
Spain,Europe,1957,66.66::4564.80241
Spain,Europe,1962,69.69::5693.843879
Spain,Europe,1967,71.44::7993.512294
Spain,Europe,1972,73.06::10638.75131
Spain,Europe,1977,74.39::13236.92117
Spain,Europe,1982,76.3::13926.16997
Spain,Europe,1987,76.9::15764.98313
Spain,Europe,1992,77.57::18603.06452
Spain,Europe,1997,78.77::20445.29896
Spain,Europe,2002,79.78::24835.47166
Spain,Europe,2007,80.941::28821.0637
Sri Lanka,Asia,1952,57.593::1083.53203
Sri Lanka,Asia,1957,61.456::1072.546602
Sri Lanka,Asia,1962,62.192::1074.47196
Sri Lanka,Asia,1967,64.266::1135.514326
Sri Lanka,Asia,1972,65.042::1213.39553
Sri Lanka,Asia,1977,65.949::1348.775651
Sri Lanka,Asia,1982,68.757::1648.079789
Sri Lanka,Asia,1987,69.011::1876.766827
Sri Lanka,Asia,1992,70.379::2153.739222
Sri Lanka,Asia,1997,70.457::2664.477257
Sri Lanka,Asia,2002,70.815::3015.378833
Sri Lanka,Asia,2007,72.396::3970.095407
Sudan,Africa,1952,38.635::1615.991129
Sudan,Africa,1957,39.624::1770.337074
Sudan,Africa,1962,40.87::1959.593767
Sudan,Africa,1967,42.858::1687.997641
Sudan,Africa,1972,45.083::1659.652775
Sudan,Africa,1977,47.8::2202.988423
Sudan,Africa,1982,50.338::1895.544073
Sudan,Africa,1987,51.744::1507.819159
Sudan,Africa,1992,53.556::1492.197043
Sudan,Africa,1997,55.373::1632.210764
Sudan,Africa,2002,56.369::1993.398314
Sudan,Africa,2007,58.556::2602.394995
Swaziland,Africa,1952,41.407::1148.376626
Swaziland,Africa,1957,43.424::1244.708364
Swaziland,Africa,1962,44.992::1856.182125
Swaziland,Africa,1967,46.633::2613.101665
Swaziland,Africa,1972,49.552::3364.836625
Swaziland,Africa,1977,52.537::3781.410618
Swaziland,Africa,1982,55.561::3895.384018
Swaziland,Africa,1987,57.678::3984.839812
Swaziland,Africa,1992,58.474::3553.0224
Swaziland,Africa,1997,54.289::3876.76846
Swaziland,Africa,2002,43.869::4128.116943
Swaziland,Africa,2007,39.613::4513.480643
Sweden,Europe,1952,71.86::8527.844662
Sweden,Europe,1957,72.49::9911.878226
Sweden,Europe,1962,73.37::12329.44192
Sweden,Europe,1967,74.16::15258.29697
Sweden,Europe,1972,74.72::17832.02464
Sweden,Europe,1977,75.44::18855.72521
Sweden,Europe,1982,76.42::20667.38125
Sweden,Europe,1987,77.19::23586.92927
Sweden,Europe,1992,78.16::23880.01683
Sweden,Europe,1997,79.39::25266.59499
Sweden,Europe,2002,80.04::29341.63093
Sweden,Europe,2007,80.884::33859.74835
Switzerland,Europe,1952,69.62::14734.23275
Switzerland,Europe,1957,70.56::17909.48973
Switzerland,Europe,1962,71.32::20431.0927
Switzerland,Europe,1967,72.77::22966.14432
Switzerland,Europe,1972,73.78::27195.11304
Switzerland,Europe,1977,75.39::26982.29052
Switzerland,Europe,1982,76.21::28397.71512
Switzerland,Europe,1987,77.41::30281.70459
Switzerland,Europe,1992,78.03::31871.5303
Switzerland,Europe,1997,79.37::32135.32301
Switzerland,Europe,2002,80.62::34480.95771
Switzerland,Europe,2007,81.701::37506.41907
Syria,Asia,1952,45.883::1643.485354
Syria,Asia,1957,48.284::2117.234893
Syria,Asia,1962,50.305::2193.037133
Syria,Asia,1967,53.655::1881.923632
Syria,Asia,1972,57.296::2571.423014
Syria,Asia,1977,61.195::3195.484582
Syria,Asia,1982,64.59::3761.837715
Syria,Asia,1987,66.974::3116.774285
Syria,Asia,1992,69.249::3340.542768
Syria,Asia,1997,71.527::4014.238972
Syria,Asia,2002,73.053::4090.925331
Syria,Asia,2007,74.143::4184.548089
Taiwan,Asia,1952,58.5::1206.947913
Taiwan,Asia,1957,62.4::1507.86129
Taiwan,Asia,1962,65.2::1822.879028
Taiwan,Asia,1967,67.5::2643.858681
Taiwan,Asia,1972,69.39::4062.523897
Taiwan,Asia,1977,70.59::5596.519826
Taiwan,Asia,1982,72.16::7426.354774
Taiwan,Asia,1987,73.4::11054.56175
Taiwan,Asia,1992,74.26::15215.6579
Taiwan,Asia,1997,75.25::20206.82098
Taiwan,Asia,2002,76.99::23235.42329
Taiwan,Asia,2007,78.4::28718.27684
Tanzania,Africa,1952,41.215::716.6500721
Tanzania,Africa,1957,42.974::698.5356073
Tanzania,Africa,1962,44.246::722.0038073
Tanzania,Africa,1967,45.757::848.2186575
Tanzania,Africa,1972,47.62::915.9850592
Tanzania,Africa,1977,49.919::962.4922932
Tanzania,Africa,1982,50.608::874.2426069
Tanzania,Africa,1987,51.535::831.8220794
Tanzania,Africa,1992,50.44::825.682454
Tanzania,Africa,1997,48.466::789.1862231
Tanzania,Africa,2002,49.651::899.0742111
Tanzania,Africa,2007,52.517::1107.482182
Thailand,Asia,1952,50.848::757.7974177
Thailand,Asia,1957,53.63::793.5774148
Thailand,Asia,1962,56.061::1002.199172
Thailand,Asia,1967,58.285::1295.46066
Thailand,Asia,1972,60.405::1524.358936
Thailand,Asia,1977,62.494::1961.224635
Thailand,Asia,1982,64.597::2393.219781
Thailand,Asia,1987,66.084::2982.653773
Thailand,Asia,1992,67.298::4616.896545
Thailand,Asia,1997,67.521::5852.625497
Thailand,Asia,2002,68.564::5913.187529
Thailand,Asia,2007,70.616::7458.396327
Togo,Africa,1952,38.596::859.8086567
Togo,Africa,1957,41.208::925.9083202
Togo,Africa,1962,43.922::1067.53481
Togo,Africa,1967,46.769::1477.59676
Togo,Africa,1972,49.759::1649.660188
Togo,Africa,1977,52.887::1532.776998
Togo,Africa,1982,55.471::1344.577953
Togo,Africa,1987,56.941::1202.201361
Togo,Africa,1992,58.061::1034.298904
Togo,Africa,1997,58.39::982.2869243
Togo,Africa,2002,57.561::886.2205765
Togo,Africa,2007,58.42::882.9699438
Trinidad and Tobago,Americas,1952,59.1::3023.271928
Trinidad and Tobago,Americas,1957,61.8::4100.3934
Trinidad and Tobago,Americas,1962,64.9::4997.523971
Trinidad and Tobago,Americas,1967,65.4::5621.368472
Trinidad and Tobago,Americas,1972,65.9::6619.551419
Trinidad and Tobago,Americas,1977,68.3::7899.554209
Trinidad and Tobago,Americas,1982,68.832::9119.528607
Trinidad and Tobago,Americas,1987,69.582::7388.597823
Trinidad and Tobago,Americas,1992,69.862::7370.990932
Trinidad and Tobago,Americas,1997,69.465::8792.573126
Trinidad and Tobago,Americas,2002,68.976::11460.60023
Trinidad and Tobago,Americas,2007,69.819::18008.50924
Tunisia,Africa,1952,44.6::1468.475631
Tunisia,Africa,1957,47.1::1395.232468
Tunisia,Africa,1962,49.579::1660.30321
Tunisia,Africa,1967,52.053::1932.360167
Tunisia,Africa,1972,55.602::2753.285994
Tunisia,Africa,1977,59.837::3120.876811
Tunisia,Africa,1982,64.048::3560.233174
Tunisia,Africa,1987,66.894::3810.419296
Tunisia,Africa,1992,70.001::4332.720164
Tunisia,Africa,1997,71.973::4876.798614
Tunisia,Africa,2002,73.042::5722.895655
Tunisia,Africa,2007,73.923::7092.923025
Turkey,Europe,1952,43.585::1969.10098
Turkey,Europe,1957,48.079::2218.754257
Turkey,Europe,1962,52.098::2322.869908
Turkey,Europe,1967,54.336::2826.356387
Turkey,Europe,1972,57.005::3450.69638
Turkey,Europe,1977,59.507::4269.122326
Turkey,Europe,1982,61.036::4241.356344
Turkey,Europe,1987,63.108::5089.043686
Turkey,Europe,1992,66.146::5678.348271
Turkey,Europe,1997,68.835::6601.429915
Turkey,Europe,2002,70.845::6508.085718
Turkey,Europe,2007,71.777::8458.276384
Uganda,Africa,1952,39.978::734.753484
Uganda,Africa,1957,42.571::774.3710692
Uganda,Africa,1962,45.344::767.2717398
Uganda,Africa,1967,48.051::908.9185217
Uganda,Africa,1972,51.016::950.735869
Uganda,Africa,1977,50.35::843.7331372
Uganda,Africa,1982,49.849::682.2662268
Uganda,Africa,1987,51.509::617.7244065
Uganda,Africa,1992,48.825::644.1707969
Uganda,Africa,1997,44.578::816.559081
Uganda,Africa,2002,47.813::927.7210018
Uganda,Africa,2007,51.542::1056.380121
United Kingdom,Europe,1952,69.18::9979.508487
United Kingdom,Europe,1957,70.42::11283.17795
United Kingdom,Europe,1962,70.76::12477.17707
United Kingdom,Europe,1967,71.36::14142.85089
United Kingdom,Europe,1972,72.01::15895.11641
United Kingdom,Europe,1977,72.76::17428.74846
United Kingdom,Europe,1982,74.04::18232.42452
United Kingdom,Europe,1987,75.007::21664.78767
United Kingdom,Europe,1992,76.42::22705.09254
United Kingdom,Europe,1997,77.218::26074.53136
United Kingdom,Europe,2002,78.471::29478.99919
United Kingdom,Europe,2007,79.425::33203.26128
United States,Americas,1952,68.44::13990.48208
United States,Americas,1957,69.49::14847.12712
United States,Americas,1962,70.21::16173.14586
United States,Americas,1967,70.76::19530.36557
United States,Americas,1972,71.34::21806.03594
United States,Americas,1977,73.38::24072.63213
United States,Americas,1982,74.65::25009.55914
United States,Americas,1987,75.02::29884.35041
United States,Americas,1992,76.09::32003.93224
United States,Americas,1997,76.81::35767.43303
United States,Americas,2002,77.31::39097.09955
United States,Americas,2007,78.242::42951.65309
Uruguay,Americas,1952,66.071::5716.766744
Uruguay,Americas,1957,67.044::6150.772969
Uruguay,Americas,1962,68.253::5603.357717
Uruguay,Americas,1967,68.468::5444.61962
Uruguay,Americas,1972,68.673::5703.408898
Uruguay,Americas,1977,69.481::6504.339663
Uruguay,Americas,1982,70.805::6920.223051
Uruguay,Americas,1987,71.918::7452.398969
Uruguay,Americas,1992,72.752::8137.004775
Uruguay,Americas,1997,74.223::9230.240708
Uruguay,Americas,2002,75.307::7727.002004
Uruguay,Americas,2007,76.384::10611.46299
Venezuela,Americas,1952,55.088::7689.799761
Venezuela,Americas,1957,57.907::9802.466526
Venezuela,Americas,1962,60.77::8422.974165
Venezuela,Americas,1967,63.479::9541.474188
Venezuela,Americas,1972,65.712::10505.25966
Venezuela,Americas,1977,67.456::13143.95095
Venezuela,Americas,1982,68.557::11152.41011
Venezuela,Americas,1987,70.19::9883.584648
Venezuela,Americas,1992,71.15::10733.92631
Venezuela,Americas,1997,72.146::10165.49518
Venezuela,Americas,2002,72.766::8605.047831
Venezuela,Americas,2007,73.747::11415.80569
Vietnam,Asia,1952,40.412::605.0664917
Vietnam,Asia,1957,42.887::676.2854478
Vietnam,Asia,1962,45.363::772.0491602
Vietnam,Asia,1967,47.838::637.1232887
Vietnam,Asia,1972,50.254::699.5016441
Vietnam,Asia,1977,55.764::713.5371196
Vietnam,Asia,1982,58.816::707.2357863
Vietnam,Asia,1987,62.82::820.7994449
Vietnam,Asia,1992,67.662::989.0231487
Vietnam,Asia,1997,70.672::1385.896769
Vietnam,Asia,2002,73.017::1764.456677
Vietnam,Asia,2007,74.249::2441.576404
West Bank and Gaza,Asia,1952,43.16::1515.592329
West Bank and Gaza,Asia,1957,45.671::1827.067742
West Bank and Gaza,Asia,1962,48.127::2198.956312
West Bank and Gaza,Asia,1967,51.631::2649.715007
West Bank and Gaza,Asia,1972,56.532::3133.409277
West Bank and Gaza,Asia,1977,60.765::3682.831494
West Bank and Gaza,Asia,1982,64.406::4336.032082
West Bank and Gaza,Asia,1987,67.046::5107.197384
West Bank and Gaza,Asia,1992,69.718::6017.654756
West Bank and Gaza,Asia,1997,71.096::7110.667619
West Bank and Gaza,Asia,2002,72.37::4515.487575
West Bank and Gaza,Asia,2007,73.422::3025.349798
"Yemen, Rep.",Asia,1952,32.548::781.7175761
"Yemen, Rep.",Asia,1957,33.97::804.8304547
"Yemen, Rep.",Asia,1962,35.18::825.6232006
"Yemen, Rep.",Asia,1967,36.984::862.4421463
"Yemen, Rep.",Asia,1972,39.848::1265.047031
"Yemen, Rep.",Asia,1977,44.175::1829.765177
"Yemen, Rep.",Asia,1982,49.113::1977.55701
"Yemen, Rep.",Asia,1987,52.922::1971.741538
"Yemen, Rep.",Asia,1992,55.599::1879.496673
"Yemen, Rep.",Asia,1997,58.02::2117.484526
"Yemen, Rep.",Asia,2002,60.308::2234.820827
"Yemen, Rep.",Asia,2007,62.698::2280.769906
Zambia,Africa,1952,42.038::1147.388831
Zambia,Africa,1957,44.077::1311.956766
Zambia,Africa,1962,46.023::1452.725766
Zambia,Africa,1967,47.768::1777.077318
Zambia,Africa,1972,50.107::1773.498265
Zambia,Africa,1977,51.386::1588.688299
Zambia,Africa,1982,51.821::1408.678565
Zambia,Africa,1987,50.821::1213.315116
Zambia,Africa,1992,46.1::1210.884633
Zambia,Africa,1997,40.238::1071.353818
Zambia,Africa,2002,39.193::1071.613938
Zambia,Africa,2007,42.384::1271.211593
Zimbabwe,Africa,1952,48.451::406.8841148
Zimbabwe,Africa,1957,50.469::518.7642681
Zimbabwe,Africa,1962,52.358::527.2721818
Zimbabwe,Africa,1967,53.995::569.7950712
Zimbabwe,Africa,1972,55.635::799.3621758
Zimbabwe,Africa,1977,57.674::685.5876821
Zimbabwe,Africa,1982,60.363::788.8550411
Zimbabwe,Africa,1987,62.351::706.1573059
Zimbabwe,Africa,1992,60.377::693.4207856
Zimbabwe,Africa,1997,46.809::792.4499603
Zimbabwe,Africa,2002,39.989::672.0386227
Zimbabwe,Africa,2007,43.487::469.7092981